Название фильма;Ссылка на фильм;Год выхода;Рейтинг
Поли, вперед!;https://filmix.ac/https://filmix.ac/filmi/komedia/158987-poli-vpered-2022.html;2022;0
Текстовое сопровождение;https://filmix.ac/https://filmix.ac/filmi/komedia/158972-tekstovoe-soprovozhdenie-2021.html;2021;-9
Мистер 3000;https://filmix.ac/https://filmix.ac/filmi/drama/158963-mister-3000-2004.html;2004;+6
Разыскивается сосед;https://filmix.ac/https://filmix.ac/filmi/uzhasu/158843-razyskivaetsya-sosed-2020.html;2020;-13
Янгстаун;https://filmix.ac/https://filmix.ac/filmi/komedia/158927-yangstaun-2021.html;2021;-9
Дублёр;https://filmix.ac/https://filmix.ac/filmi/melodrama/158938-dubler-2022.html;2022;+89
Доброго траура;https://filmix.ac/https://filmix.ac/filmi/komedia/158937-dobrogo-traura-2022.html;2022;-10
Чудаки 4.5;https://filmix.ac/https://filmix.ac/filmi/boevik/158915-chudaki-45-2022.html;2022;+23
Всё везде и сразу;https://filmix.ac/https://filmix.ac/filmi/fantastiks/157683-w2w5-vse-vezde-i-srazu-2022.html;2022;+61
Однажды я была обручена;https://filmix.ac/https://filmix.ac/filmi/komedia/158907-odnazhdy-ya-byla-obruchena-2021.html;2021;-14
Черри 2000;https://filmix.ac/https://filmix.ac/filmi/fantastiks/158903-cherri-2000-1987.html;1987;+19
Поллианна;https://filmix.ac/https://filmix.ac/filmi/drama/158887-pollianna-1960.html;1960;+19
Сайрус;https://filmix.ac/https://filmix.ac/filmi/drama/158861-sayrus-2010.html;2010;+3
Выпускной класс;https://filmix.ac/https://filmix.ac/filmi/drama/158825-vypusknoy-klass-2022.html;2022;+163
Рождественский Гипноз Аянны Шон;https://filmix.ac/https://filmix.ac/filmi/drama/158838-rozhdestvenskiy-gipnoz-ayanny-shon-2021.html;2021;-4
Большой романтичный жест;https://filmix.ac/https://filmix.ac/filmi/komedia/158837-bolshoy-romantichnyy-zhest-2022.html;2022;-9
Кроссовушка;https://filmix.ac/https://filmix.ac/filmi/muzkl/158834-krossovushka-2022.html;2022;-12
Танкхаус;https://filmix.ac/https://filmix.ac/filmi/komedia/158823-tankhaus-2022.html;2022;0
Нам нужно поговорить;https://filmix.ac/https://filmix.ac/filmi/drama/158822-nam-nuzhno-pogovorit-2022.html;2022;-3
Затерянный город;https://filmix.ac/https://filmix.ac/filmi/melodrama/158434-novi-4w-zateryannyy-gorod-2022.html;2022;+708
Старшекурсники;https://filmix.ac/https://filmix.ac/filmi/drama/158810-starshekursniki-2022.html;2022;-6
Книжный в Париже;https://filmix.ac/https://filmix.ac/filmi/drama/157704-knizhnyy-v-parizhe-2021.html;2021;-6
Париж, когда там жара;https://filmix.ac/https://filmix.ac/filmi/melodrama/158804-parizh-kogda-tam-zhara-1964.html;1964;+9
Рай в гавайском стиле;https://filmix.ac/https://filmix.ac/filmi/muzkl/12897-ray-v-gavayskom-stile-paradise-hawaiian-style-1966.html;1966;+6
Как есть жареных червяков;https://filmix.ac/https://filmix.ac/filmi/semejnye/60375-kak-est-zharenyh-chervyakov-how-to-eat-fried-worms-2006.html;2006;+6
Парень, ты попал;https://filmix.ac/https://filmix.ac/filmi/kriminaly/14397-paren-ty-popal-suckers-1999.html;2001;+15
Взломщики;https://filmix.ac/https://filmix.ac/filmi/prikluchenija/21743-vzlomschiki-1989.html;1989;+66
Хэллоуинский междусобойчик;https://filmix.ac/https://filmix.ac/filmi/komedia/158645-hellouinskiy-mezhdusoboychik-2021.html;2021;-13
Суицид для «чайников»;https://filmix.ac/https://filmix.ac/filmi/uzhasu/158701-suicid-dlya-chaynikov-2013.html;2013;-12
Краш;https://filmix.ac/https://filmix.ac/filmi/melodrama/158614-krash-2022.html;2022;+15
